label,precision,recall,f1-score,support,accuracy
1,0.6954314720812182,0.845679012345679,0.7632311977715878,162.0,0.6342412451361867
2,0.4716981132075472,0.35714285714285715,0.4065040650406504,70.0,0.6342412451361867
3,0.0,0.0,0.0,6.0,0.6342412451361867
4,0.0,0.0,0.0,8.0,0.6342412451361867
5,0.3333333333333333,0.16666666666666666,0.2222222222222222,6.0,0.6342412451361867
6,0.0,0.0,0.0,3.0,0.6342412451361867
7,0.0,0.0,0.0,2.0,0.6342412451361867
macro avg,0.21435184551744269,0.19564121945074328,0.19885106929063717,257.0,0.6342412451361867
weighted avg,0.5746255502011115,0.6342412451361867,0.5970119530162493,257.0,0.6342412451361867
