label,precision,recall,f1-score,support,accuracy
1,0.45121951219512196,0.74,0.5606060606060607,50.0,0.4424778761061947
2,0.4,0.2222222222222222,0.2857142857142857,45.0,0.4424778761061947
3,0.0,0.0,0.0,3.0,0.4424778761061947
4,0.5,0.16666666666666666,0.25,6.0,0.4424778761061947
5,0.6666666666666666,0.2857142857142857,0.4,7.0,0.4424778761061947
6,0.0,0.0,0.0,2.0,0.4424778761061947
7,0.0,0.0,0.0,0.0,0.4424778761061947
macro avg,0.28826945412311267,0.20208616780045352,0.21376004947433522,113.0,0.4424778761061947
weighted avg,0.42679329448161735,0.4424778761061947,0.3998889016588132,113.0,0.4424778761061947
