label,precision,recall,f1-score,support,accuracy
1,0.5161290322580645,0.7868852459016393,0.6233766233766234,122.0,0.48638132295719844
2,0.45454545454545453,0.25773195876288657,0.3289473684210526,97.0,0.48638132295719844
3,0.0,0.0,0.0,8.0,0.48638132295719844
4,0.2222222222222222,0.14285714285714285,0.17391304347826086,14.0,0.48638132295719844
5,0.4,0.2222222222222222,0.2857142857142857,9.0,0.48638132295719844
6,0.0,0.0,0.0,3.0,0.48638132295719844
7,0.0,0.0,0.0,4.0,0.48638132295719844
macro avg,0.22755667271796304,0.20138522424912728,0.2017073315700318,257.0,0.48638132295719844
weighted avg,0.4426838993677201,0.48638132295719844,0.43955663022923885,257.0,0.48638132295719844
