label,precision,recall,f1-score,support,accuracy
1,0.5224719101123596,0.7815126050420168,0.6262626262626264,119.0,0.4878048780487805
2,0.4339622641509434,0.25274725274725274,0.3194444444444445,91.0,0.4878048780487805
3,0.0,0.0,0.0,7.0,0.4878048780487805
4,0.25,0.14285714285714285,0.18181818181818182,14.0,0.4878048780487805
5,0.4,0.2222222222222222,0.2857142857142857,9.0,0.4878048780487805
6,0.0,0.0,0.0,3.0,0.4878048780487805
7,0.0,0.0,0.0,3.0,0.4878048780487805
macro avg,0.229490596323329,0.19990560326694778,0.20189136260564838,246.0,0.4878048780487805
weighted avg,0.4421330217118156,0.4878048780487805,0.4419169922218703,246.0,0.4878048780487805
