label,precision,recall,f1-score,support,accuracy
1,0.5631768953068592,0.7684729064039408,0.65,203.0,0.5140664961636828
2,0.42857142857142855,0.2932330827067669,0.3482142857142857,133.0,0.5140664961636828
3,0.0,0.0,0.0,9.0,0.5140664961636828
4,0.16666666666666666,0.10526315789473684,0.12903225806451615,19.0,0.5140664961636828
5,0.5714285714285714,0.25,0.34782608695652173,16.0,0.5140664961636828
6,0.0,0.0,0.0,5.0,0.5140664961636828
7,0.0,0.0,0.0,6.0,0.5140664961636828
macro avg,0.24712050885336084,0.20242416385792067,0.21072466153361766,391.0,0.5140664961636828
weighted avg,0.4696532827540057,0.5140664961636828,0.4764177245384403,391.0,0.5140664961636828
