label,precision,recall,f1-score,support,accuracy
1,0.6307692307692307,0.6890756302521008,0.6586345381526104,119.0,0.5528455284552846
2,0.5164835164835165,0.5164835164835165,0.5164835164835165,91.0,0.5528455284552846
3,0.0,0.0,0.0,7.0,0.5528455284552846
4,0.23076923076923078,0.21428571428571427,0.22222222222222224,14.0,0.5528455284552846
5,0.5,0.2222222222222222,0.30769230769230765,9.0,0.5528455284552846
6,0.2,0.3333333333333333,0.25,3.0,0.5528455284552846
7,0.3333333333333333,0.3333333333333333,0.3333333333333333,3.0,0.5528455284552846
macro avg,0.34447933019361593,0.3298191071300315,0.32690941684057007,246.0,0.5528455284552846
weighted avg,0.53411507191995,0.5528455284552846,0.5406823248800916,246.0,0.5528455284552846
