label,precision,recall,f1-score,support,accuracy
1,0.6558139534883721,0.6945812807881774,0.6746411483253588,203.0,0.5626598465473146
2,0.49645390070921985,0.5263157894736842,0.5109489051094891,133.0,0.5626598465473146
3,0.0,0.0,0.0,9.0,0.5626598465473146
4,0.15789473684210525,0.15789473684210525,0.15789473684210525,19.0,0.5626598465473146
5,0.6666666666666666,0.25,0.36363636363636365,16.0,0.5626598465473146
6,0.16666666666666666,0.2,0.1818181818181818,5.0,0.5626598465473146
7,0.25,0.16666666666666666,0.2,6.0,0.5626598465473146
macro avg,0.3419279891961472,0.28506549625294764,0.29841990510449984,391.0,0.5626598465473146
weighted avg,0.5502777528196056,0.5626598465473146,0.552009284442155,391.0,0.5626598465473146
