label,precision,recall,f1-score,support,accuracy
1,0.5535714285714286,0.62,0.5849056603773586,50.0,0.5221238938053098
2,0.5102040816326531,0.5555555555555556,0.5319148936170212,45.0,0.5221238938053098
3,0.0,0.0,0.0,3.0,0.5221238938053098
4,0.3333333333333333,0.16666666666666666,0.2222222222222222,6.0,0.5221238938053098
5,1.0,0.2857142857142857,0.4444444444444445,7.0,0.5221238938053098
6,0.0,0.0,0.0,2.0,0.5221238938053098
7,0.0,0.0,0.0,0.0,0.5221238938053098
macro avg,0.34244412050534506,0.232562358276644,0.2547838886658638,113.0,0.5221238938053098
weighted avg,0.5277677442658479,0.5221238938053098,0.5099636962484808,113.0,0.5221238938053098
