label,precision,recall,f1-score,support,accuracy
1,0.5841584158415841,0.5784313725490197,0.58128078817734,102.0,0.46411483253588515
2,0.36666666666666664,0.4520547945205479,0.4049079754601227,73.0,0.46411483253588515
3,0.0,0.0,0.0,6.0,0.46411483253588515
4,0.0,0.0,0.0,12.0,0.46411483253588515
5,0.5,0.36363636363636365,0.4210526315789474,11.0,0.46411483253588515
6,0.0,0.0,0.0,3.0,0.46411483253588515
7,0.3333333333333333,0.5,0.4,2.0,0.46411483253588515
macro avg,0.2548797736916549,0.27058893295799014,0.25817734217377286,209.0,0.46411483253588515
weighted avg,0.44266742463720055,0.46411483253588515,0.45110287822988543,209.0,0.46411483253588515
