label,precision,recall,f1-score,support,accuracy
1,0.67578125,0.7654867256637168,0.7178423236514522,226.0,0.5882352941176471
2,0.5053763440860215,0.415929203539823,0.45631067961165045,113.0,0.5882352941176471
3,0.0,0.0,0.0,11.0,0.5882352941176471
4,0.1111111111111111,0.125,0.11764705882352941,16.0,0.5882352941176471
5,0.6,0.3,0.4,20.0,0.5882352941176471
6,0.1,1.0,0.18181818181818182,1.0,0.5882352941176471
7,0.25,0.25,0.25,4.0,0.5882352941176471
macro avg,0.32032410074244755,0.4080594184576486,0.30337403484354486,391.0,0.5882352941176471
weighted avg,0.5747106576969264,0.5882352941176471,0.5750886011875687,391.0,0.5882352941176471
