label,precision,recall,f1-score,support,accuracy
1,0.7581699346405228,0.7160493827160493,0.7365079365079364,162.0,0.6264591439688716
2,0.4883720930232558,0.6,0.5384615384615383,70.0,0.6264591439688716
3,0.0,0.0,0.0,6.0,0.6264591439688716
4,0.0,0.0,0.0,8.0,0.6264591439688716
5,1.0,0.3333333333333333,0.5,6.0,0.6264591439688716
6,0.0,0.0,0.0,3.0,0.6264591439688716
7,0.16666666666666666,0.5,0.25,2.0,0.6264591439688716
macro avg,0.3447440991900636,0.3070546737213404,0.28928135356706786,257.0,0.6264591439688716
weighted avg,0.6355755223997119,0.6264591439688716,0.6245392739556163,257.0,0.6264591439688716
