label,precision,recall,f1-score,support,accuracy
1,0.5826771653543307,0.7551020408163265,0.6577777777777777,98.0,0.5358851674641149
2,0.5151515151515151,0.4358974358974359,0.4722222222222222,78.0,0.5358851674641149
3,0.0,0.0,0.0,6.0,0.5358851674641149
4,0.3333333333333333,0.21428571428571427,0.2608695652173913,14.0,0.5358851674641149
5,0.3333333333333333,0.1111111111111111,0.16666666666666666,9.0,0.5358851674641149
6,0.0,0.0,0.0,3.0,0.5358851674641149
7,0.0,0.0,0.0,1.0,0.5358851674641149
macro avg,0.25207076388178745,0.2166280431586554,0.22250517598343686,209.0,0.5358851674641149
weighted avg,0.5021571629340156,0.5358851674641149,0.5093192797540623,209.0,0.5358851674641149
