label,precision,recall,f1-score,support,accuracy
1,0.6040268456375839,0.7563025210084033,0.6716417910447761,119.0,0.5487804878048781
2,0.5256410256410257,0.45054945054945056,0.48520710059171596,91.0,0.5487804878048781
3,0.0,0.0,0.0,7.0,0.5487804878048781
4,0.25,0.21428571428571427,0.23076923076923075,14.0,0.5487804878048781
5,0.3333333333333333,0.1111111111111111,0.16666666666666666,9.0,0.5487804878048781
6,0.0,0.0,0.0,3.0,0.5487804878048781
7,0.0,0.0,0.0,3.0,0.5487804878048781
macro avg,0.24471445780170614,0.21889268527923988,0.22204068415319853,246.0,0.5487804878048781
weighted avg,0.5130590567650644,0.5487804878048781,0.5236178395079013,246.0,0.5487804878048781
