label,precision,recall,f1-score,support,accuracy
1,0.6,0.7622950819672131,0.6714801444043321,122.0,0.5486381322957199
2,0.5432098765432098,0.4536082474226804,0.49438202247191015,97.0,0.5486381322957199
3,0.0,0.0,0.0,8.0,0.5486381322957199
4,0.23076923076923078,0.21428571428571427,0.22222222222222224,14.0,0.5486381322957199
5,0.3333333333333333,0.1111111111111111,0.16666666666666666,9.0,0.5486381322957199
6,0.0,0.0,0.0,3.0,0.5486381322957199
7,0.0,0.0,0.0,4.0,0.5486381322957199
macro avg,0.24390177723511056,0.2201857363981027,0.22210729368073306,257.0,0.5486381322957199
weighted avg,0.514093880371442,0.5486381322957199,0.5232947272693187,257.0,0.5486381322957199
