label,precision,recall,f1-score,support,accuracy
1,0.6291666666666667,0.7438423645320197,0.6817155756207675,203.0,0.5601023017902813
2,0.512396694214876,0.46616541353383456,0.4881889763779527,133.0,0.5601023017902813
3,0.0,0.0,0.0,9.0,0.5601023017902813
4,0.16666666666666666,0.15789473684210525,0.16216216216216214,19.0,0.5601023017902813
5,0.6,0.1875,0.2857142857142857,16.0,0.5601023017902813
6,0.0,0.0,0.0,5.0,0.5601023017902813
7,0.0,0.0,0.0,6.0,0.5601023017902813
macro avg,0.27260428964974415,0.22220035927256565,0.23111157141073826,391.0,0.5601023017902813
weighted avg,0.5335965737354949,0.5601023017902813,0.5395649753498547,391.0,0.5601023017902813
