{"ClinicalResponse": [48.535608231310974, 49.020318379820154], "gpt-3.5-turbo-1106_zero-shot": [38.16448552386808, 38.18367200573972], "gpt-3.5-turbo-1106_5-shot": [47.8333867805393, 48.275207051295496], "gpt-3.5-turbo-1106_zs-cot": [48.85205790460783, 49.314099135071416], "gpt-3.5-turbo-1106_fs-cot": [51.22649827821168, 51.693585434321236], "gpt-3.5-turbo-1106_sc-cot": [50.75521451022572, 51.23189483650038], "gpt-4-1106-preview_zero-shot": [52.04281217464317, 52.50321536929868], "gpt-4-1106-preview_5-shot": [50.54439416967469, 51.01717241871596], "gpt-4-1106-preview_zs-cot": [52.076309994695066, 52.54258987593795], "gpt-4-1106-preview_fs-cot": [51.49070432152069, 51.957806347121384], "gpt-4-1106-preview_sc-cot": [53.215282706423594, 53.68359314922253], "mixtral-8x7b-instruct_zero-shot": [51.43655599500561, 51.90037047109126], "mixtral-8x7b-instruct_5-shot": [45.17505576133857, 45.65967202182786], "mixtral-8x7b-instruct_zs-cot": [52.5349979819436, 53.00454414671278], "mixtral-8x7b-instruct_fs-cot": [52.41929253019117, 52.874958220499536], "mixtral-8x7b-instruct_sc-cot": [50.22903603997475, 50.684563634271136], "qwen-72b_zero-shot": [39.14072643861639, 39.29117922303171], "qwen-72b_5-shot": [44.07355670032089, 44.54796280195339], "qwen-72b_zs-cot": [45.22951600384572, 45.603004543167444], "qwen-72b_fs-cot": [47.70001981250466, 48.13193816487735], "qwen-72b_sc-cot": [45.51397816834126, 45.88777938029167], "llama-v2-70b-chat_zero-shot": [38.47557835290294, 38.607296572813596], "llama-v2-70b-chat_5-shot": [39.64630548471069, 39.91415271093273], "llama-v2-70b-chat_zs-cot": [41.85856136789692, 42.27197879274174], "llama-v2-70b-chat_fs-cot": [39.812199556302396, 40.0452147627602], "llama-v2-70b-chat_sc-cot": [41.3747857295068, 41.77181500633306], "llama-v3-70B-instruct_zero-shot": [39.73912116895711, 39.95197038016053], "llama-v3-70B-instruct_5-shot": [49.82984931078417, 50.29500897181987], "llama-v3-70B-instruct_zs-cot": [48.97234265830592, 49.45059272596731], "llama-v3-70B-instruct_fs-cot": [47.787655768226166, 48.272359850340926], "llama-v3-70B-instruct_sc-cot": [48.411364963533636, 48.89742625782335]}