{"ClinicalResponse": 48.777963305565564, "gpt-3.5-turbo-1106_zero-shot": 38.1740787648039, "gpt-3.5-turbo-1106_5-shot": 48.0542969159174, "gpt-3.5-turbo-1106_zs-cot": 49.083078519839624, "gpt-3.5-turbo-1106_fs-cot": 51.46004185626646, "gpt-3.5-turbo-1106_sc-cot": 50.99355467336305, "gpt-4-1106-preview_zero-shot": 52.27301377197092, "gpt-4-1106-preview_5-shot": 50.780783294195324, "gpt-4-1106-preview_zs-cot": 52.30944993531651, "gpt-4-1106-preview_fs-cot": 51.724255334321036, "gpt-4-1106-preview_sc-cot": 53.44943792782306, "mixtral-8x7b-instruct_zero-shot": 51.668463233048435, "mixtral-8x7b-instruct_5-shot": 45.417363891583214, "mixtral-8x7b-instruct_zs-cot": 52.76977106432819, "mixtral-8x7b-instruct_fs-cot": 52.647125375345354, "mixtral-8x7b-instruct_sc-cot": 50.456799837122944, "qwen-72b_zero-shot": 39.21595283082405, "qwen-72b_5-shot": 44.31075975113714, "qwen-72b_zs-cot": 45.41626027350658, "qwen-72b_fs-cot": 47.915978988691, "qwen-72b_sc-cot": 45.700878774316465, "llama-v2-70b-chat_zero-shot": 38.54143746285827, "llama-v2-70b-chat_5-shot": 39.78022909782171, "llama-v2-70b-chat_zs-cot": 42.06527008031933, "llama-v2-70b-chat_fs-cot": 39.9287071595313, "llama-v2-70b-chat_sc-cot": 41.57330036791993, "llama-v3-70B-instruct_zero-shot": 39.84554577455882, "llama-v3-70B-instruct_5-shot": 50.06242914130202, "llama-v3-70B-instruct_zs-cot": 49.211467692136615, "llama-v3-70B-instruct_fs-cot": 48.030007809283546, "llama-v3-70B-instruct_sc-cot": 48.65439561067849}