{"gpt-3.5-turbo-1106_zero-shot": 0.621192767125885, "gpt-3.5-turbo-1106_5-shot": 0.7575360558811252, "gpt-3.5-turbo-1106_zs-cot": 0.6536404018381999, "gpt-3.5-turbo-1106_fs-cot": 0.8193302186480733, "gpt-3.5-turbo-1106_sc-cot": 0.9919469143560101, "gpt-4-1106-preview_zero-shot": 0.4408772573340208, "gpt-4-1106-preview_5-shot": 0.6807332592674303, "gpt-4-1106-preview_zs-cot": 0.466203550359737, "gpt-4-1106-preview_fs-cot": 0.6865618433609049, "gpt-4-1106-preview_sc-cot": 0.9991022694882202, "mixtral-8x7b-instruct_zero-shot": 0.5087512591081134, "mixtral-8x7b-instruct_5-shot": 0.6351374613773572, "mixtral-8x7b-instruct_zs-cot": 0.4514280111195266, "mixtral-8x7b-instruct_fs-cot": 0.6948817245659562, "mixtral-8x7b-instruct_sc-cot": 0.7741709179966876, "qwen-72b_zero-shot": 0.6033038448102289, "qwen-72b_5-shot": 0.7976617022793309, "qwen-72b_zs-cot": 0.6745457737934001, "qwen-72b_fs-cot": 0.8739679409093039, "qwen-72b_sc-cot": 0.9976001158641824, "llama-v2-70b-chat_zero-shot": 0.5109525682584196, "llama-v2-70b-chat_5-shot": 0.7039687087935594, "llama-v2-70b-chat_zs-cot": 0.46497177046619886, "llama-v2-70b-chat_fs-cot": 0.9138661926464922, "llama-v2-70b-chat_sc-cot": 0.9986078562147493, "llama-v3-70B-instruct_zero-shot": 0.9337008510418919, "llama-v3-70B-instruct_5-shot": 0.6329620274638067, "llama-v3-70B-instruct_zs-cot": 0.6027030343944172, "llama-v3-70B-instruct_fs-cot": 0.8068673507249385, "llama-v3-70B-instruct_sc-cot": 0.9982782087911631, "openbiollm_zero-shot": 0.5653682994526207, "openbiollm_5-shot": 0.867940451953277, "openbiollm_zs-cot": 0.7261764112671154, "openbiollm_fs-cot": 0.8881007894409907, "openbiollm_sc-cot": 0.9885980561115242, "med42_fs-cot": 0.9053933692560951, "med42_zero-shot": 0.7067538950093006, "med42_5-shot": 0.9272255040724714, "med42_zs-cot": 0.7579372854080377, "med42_sc-cot": 0.9869344619395205}