label,precision,recall,f1-score,support,accuracy
1,0.7183908045977011,0.7716049382716049,0.7440476190476191,162.0,0.6303501945525292
2,0.5142857142857142,0.5142857142857142,0.5142857142857142,70.0,0.6303501945525292
3,0.0,0.0,0.0,6.0,0.6303501945525292
4,0.0,0.0,0.0,8.0,0.6303501945525292
5,1.0,0.16666666666666666,0.2857142857142857,6.0,0.6303501945525292
6,0.0,0.0,0.0,3.0,0.6303501945525292
7,0.0,0.0,0.0,2.0,0.6303501945525292
macro avg,0.3189537884119165,0.2075081884605694,0.220578231292517,257.0,0.6303501945525292
weighted avg,0.6162619079565275,0.6303501945525292,0.6157587548638133,257.0,0.6303501945525292
