label,precision,recall,f1-score,support,accuracy
1,0.4117647058823529,0.27450980392156865,0.32941176470588235,51.0,0.3274336283185841
2,0.3709677419354839,0.5,0.42592592592592593,46.0,0.3274336283185841
3,0.0,0.0,0.0,5.0,0.3274336283185841
4,0.0,0.0,0.0,8.0,0.3274336283185841
5,0.0,0.0,0.0,0.0,0.3274336283185841
6,0.0,0.0,0.0,3.0,0.3274336283185841
7,0.0,0.0,0.0,0.0,0.3274336283185841
macro avg,0.11181892111683382,0.11064425770308124,0.10790538437597262,113.0,0.3274336283185841
weighted avg,0.3368541250356837,0.3274336283185841,0.32205834152736806,113.0,0.3274336283185841
