label,precision,recall,f1-score,support,accuracy
1,0.6568265682656826,0.7876106194690266,0.7162977867203218,226.0,0.5805626598465473
2,0.5121951219512195,0.37168141592920356,0.4307692307692308,113.0,0.5805626598465473
3,0.0,0.0,0.0,11.0,0.5805626598465473
4,0.1111111111111111,0.125,0.11764705882352941,16.0,0.5805626598465473
5,0.5555555555555556,0.25,0.3448275862068966,20.0,0.5805626598465473
6,0.0,0.0,0.0,1.0,0.5805626598465473
7,0.0,0.0,0.0,4.0,0.5805626598465473
macro avg,0.26224119384050987,0.21918457648546144,0.22993452321713984,391.0,0.5805626598465473
weighted avg,0.5606387265918694,0.5805626598465473,0.5609696356548087,391.0,0.5805626598465473
