label,precision,recall,f1-score,support,accuracy
1,0.5267857142857143,0.5784313725490197,0.5514018691588786,102.0,0.4258373205741627
2,0.32926829268292684,0.3698630136986301,0.34838709677419355,73.0,0.4258373205741627
3,0.0,0.0,0.0,6.0,0.4258373205741627
4,0.0,0.0,0.0,12.0,0.4258373205741627
5,0.2857142857142857,0.18181818181818182,0.2222222222222222,11.0,0.4258373205741627
6,0.0,0.0,0.0,3.0,0.4258373205741627
7,0.5,0.5,0.5,2.0,0.4258373205741627
macro avg,0.23453832752613238,0.23287322400940452,0.2317158840221849,209.0,0.4258373205741627
weighted avg,0.39192146108063947,0.4258373205741627,0.4072712591539052,209.0,0.4258373205741627
