label,precision,recall,f1-score,support,accuracy
1,0.6390977443609023,0.6640625,0.6513409961685823,128.0,0.540650406504065
2,0.4639175257731959,0.569620253164557,0.5113636363636365,79.0,0.540650406504065
3,0.0,0.0,0.0,12.0,0.540650406504065
4,0.1111111111111111,0.0625,0.08,16.0,0.540650406504065
5,0.4,0.2222222222222222,0.2857142857142857,9.0,0.540650406504065
6,0.0,0.0,0.0,1.0,0.540650406504065
7,0.0,0.0,0.0,1.0,0.540650406504065
macro avg,0.2305894830350299,0.2169149964838256,0.21834555974950062,246.0,0.540650406504065
weighted avg,0.5033811934636412,0.540650406504065,0.518783753470465,246.0,0.540650406504065
