label,precision,recall,f1-score,support,accuracy
1,0.6776859504132231,0.5061728395061729,0.5795053003533569,162.0,0.45525291828793774
2,0.3402061855670103,0.4714285714285714,0.39520958083832336,70.0,0.45525291828793774
3,0.0,0.0,0.0,6.0,0.45525291828793774
4,0.0,0.0,0.0,8.0,0.45525291828793774
5,0.5,0.3333333333333333,0.4,6.0,0.45525291828793774
6,0.0,0.0,0.0,3.0,0.45525291828793774
7,0.0,0.0,0.0,2.0,0.45525291828793774
macro avg,0.21684173371146193,0.1872763920382968,0.19638784017024005,257.0,0.45525291828793774
weighted avg,0.5315157858234741,0.45525291828793774,0.4822744331359006,257.0,0.45525291828793774
