label,precision,recall,f1-score,support,accuracy
1,0.6570048309178744,0.6017699115044248,0.628175519630485,226.0,0.4731457800511509
2,0.4606741573033708,0.36283185840707965,0.4059405940594059,113.0,0.4731457800511509
3,0.0,0.0,0.0,11.0,0.4731457800511509
4,0.13043478260869565,0.1875,0.15384615384615383,16.0,0.4731457800511509
5,0.29411764705882354,0.25,0.27027027027027023,20.0,0.4731457800511509
6,0.0,0.0,0.0,1.0,0.4731457800511509
7,0.0,0.0,0.0,4.0,0.4731457800511509
macro avg,0.2203187739841092,0.20030025284450062,0.20831893397233067,391.0,0.4731457800511509
weighted avg,0.5332700281985578,0.4731457800511509,0.5005265944556172,391.0,0.4731457800511509
