label,precision,recall,f1-score,support,accuracy
1,0.7241379310344828,0.7777777777777778,0.75,162.0,0.6303501945525292
2,0.4605263157894737,0.5,0.4794520547945205,70.0,0.6303501945525292
3,0.0,0.0,0.0,6.0,0.6303501945525292
4,0.0,0.0,0.0,8.0,0.6303501945525292
5,1.0,0.16666666666666666,0.2857142857142857,6.0,0.6303501945525292
6,0.0,0.0,0.0,3.0,0.6303501945525292
7,0.0,0.0,0.0,2.0,0.6303501945525292
macro avg,0.31209489240342236,0.20634920634920634,0.2164523343584009,257.0,0.6303501945525292
weighted avg,0.6052419725013595,0.6303501945525292,0.6100230721786076,257.0,0.6303501945525292
