label,precision,recall,f1-score,support,accuracy
1,0.5396825396825397,0.6666666666666666,0.5964912280701754,102.0,0.4784688995215311
2,0.40298507462686567,0.3698630136986301,0.38571428571428573,73.0,0.4784688995215311
3,0.0,0.0,0.0,6.0,0.4784688995215311
4,0.0,0.0,0.0,12.0,0.4784688995215311
5,0.4,0.36363636363636365,0.380952380952381,11.0,0.4784688995215311
6,0.0,0.0,0.0,3.0,0.4784688995215311
7,0.3333333333333333,0.5,0.4,2.0,0.4784688995215311
macro avg,0.23942870680610548,0.27145229200023724,0.2518796992481203,209.0,0.4784688995215311
weighted avg,0.42838371369400435,0.4784688995215311,0.44971159957309537,209.0,0.4784688995215311
