label,precision,recall,f1-score,support,accuracy
1,0.582089552238806,0.609375,0.5954198473282443,128.0,0.508130081300813
2,0.4444444444444444,0.5569620253164557,0.49438202247191004,79.0,0.508130081300813
3,0.0,0.0,0.0,12.0,0.508130081300813
4,0.14285714285714285,0.0625,0.08695652173913043,16.0,0.508130081300813
5,0.5,0.2222222222222222,0.30769230769230765,9.0,0.508130081300813
6,0.0,0.0,0.0,1.0,0.508130081300813
7,0.0,0.0,0.0,1.0,0.508130081300813
macro avg,0.23848444850577044,0.20729417821981114,0.2120643856045132,246.0,0.508130081300813
weighted avg,0.47318816294062016,0.508130081300813,0.485489655895744,246.0,0.508130081300813
