label,precision,recall,f1-score,support,accuracy
1,0.6503496503496503,0.8230088495575221,0.7265625000000001,226.0,0.5959079283887468
2,0.5466666666666666,0.36283185840707965,0.4361702127659574,113.0,0.5959079283887468
3,0.0,0.0,0.0,11.0,0.5959079283887468
4,0.07142857142857142,0.0625,0.06666666666666667,16.0,0.5959079283887468
5,0.36363636363636365,0.2,0.25806451612903225,20.0,0.5959079283887468
6,0.0,0.0,0.0,1.0,0.5959079283887468
7,0.5,0.25,0.3333333333333333,4.0,0.5959079283887468
macro avg,0.3045830360116074,0.24262010113780025,0.2601138898421414,391.0,0.5959079283887468
weighted avg,0.5605318126034238,0.5959079283887468,0.5653494868673501,391.0,0.5959079283887468
