label,precision,recall,f1-score,support,accuracy
1,0.5827814569536424,0.6875,0.6308243727598567,128.0,0.5121951219512195
2,0.4186046511627907,0.45569620253164556,0.43636363636363634,79.0,0.5121951219512195
3,0.0,0.0,0.0,12.0,0.5121951219512195
4,0.2,0.0625,0.09523809523809523,16.0,0.5121951219512195
5,0.3333333333333333,0.1111111111111111,0.16666666666666666,9.0,0.5121951219512195
6,0.0,0.0,0.0,1.0,0.5121951219512195
7,0.0,0.0,0.0,1.0,0.5121951219512195
macro avg,0.21924563449282375,0.1881153305203938,0.1898703958611793,246.0,0.5121951219512195
weighted avg,0.46286908102409224,0.5121951219512195,0.48065876629999366,246.0,0.5121951219512195
