label,precision,recall,f1-score,support,accuracy
1,0.6989247311827957,0.8024691358024691,0.7471264367816093,162.0,0.6342412451361867
2,0.4782608695652174,0.4714285714285714,0.47482014388489213,70.0,0.6342412451361867
3,0.0,0.0,0.0,6.0,0.6342412451361867
4,0.0,0.0,0.0,8.0,0.6342412451361867
5,0.0,0.0,0.0,6.0,0.6342412451361867
6,0.0,0.0,0.0,3.0,0.6342412451361867
7,0.0,0.0,0.0,2.0,0.6342412451361867
macro avg,0.16816937153543046,0.18198538674729153,0.17456379723807164,257.0,0.6342412451361867
weighted avg,0.5708329467750122,0.6342412451361867,0.6002797386403236,257.0,0.6342412451361867
