label,precision,recall,f1-score,support,accuracy
1,0.6089743589743589,0.8407079646017699,0.7063197026022305,226.0,0.5652173913043478
2,0.3939393939393939,0.23008849557522124,0.29050279329608936,113.0,0.5652173913043478
3,0.0,0.0,0.0,11.0,0.5652173913043478
4,0.0,0.0,0.0,16.0,0.5652173913043478
5,0.7142857142857143,0.25,0.37037037037037035,20.0,0.5652173913043478
6,0.0,0.0,0.0,1.0,0.5652173913043478
7,0.0,0.0,0.0,4.0,0.5652173913043478
macro avg,0.24531420959992387,0.188685208596713,0.1953132666098129,391.0,0.5652173913043478
weighted avg,0.5023761404835574,0.5652173913043478,0.5111572272070835,391.0,0.5652173913043478
