label,precision,recall,f1-score,support,accuracy
1,0.5669291338582677,0.7058823529411765,0.62882096069869,102.0,0.5167464114832536
2,0.4473684210526316,0.4657534246575342,0.4563758389261745,73.0,0.5167464114832536
3,0.0,0.0,0.0,6.0,0.5167464114832536
4,0.0,0.0,0.0,12.0,0.5167464114832536
5,0.5,0.09090909090909091,0.15384615384615385,11.0,0.5167464114832536
6,0.0,0.0,0.0,3.0,0.5167464114832536
7,0.3333333333333333,0.5,0.4,2.0,0.5167464114832536
macro avg,0.2639472697491761,0.2517921240725431,0.23414899335300257,209.0,0.5167464114832536
weighted avg,0.46244656965096687,0.5167464114832536,0.47821761686691294,209.0,0.5167464114832536
