label,precision,recall,f1-score,support,accuracy
1,0.6025641025641025,0.7899159663865546,0.6836363636363636,119.0,0.556910569105691
2,0.5342465753424658,0.42857142857142855,0.47560975609756095,91.0,0.556910569105691
3,0.0,0.0,0.0,7.0,0.556910569105691
4,0.2222222222222222,0.14285714285714285,0.17391304347826086,14.0,0.556910569105691
5,0.3333333333333333,0.2222222222222222,0.26666666666666666,9.0,0.556910569105691
6,0.0,0.0,0.0,3.0,0.556910569105691
7,0.0,0.0,0.0,3.0,0.556910569105691
macro avg,0.2417666047803034,0.22622382286247827,0.22854654712555028,246.0,0.556910569105691
weighted avg,0.5139539742780639,0.556910569105691,0.5262926735215486,246.0,0.556910569105691
