label,precision,recall,f1-score,support,accuracy
1,0.6213991769547325,0.7438423645320197,0.6771300448430494,203.0,0.5575447570332481
2,0.5042016806722689,0.45112781954887216,0.47619047619047616,133.0,0.5575447570332481
3,0.0,0.0,0.0,9.0,0.5575447570332481
4,0.13333333333333333,0.10526315789473684,0.11764705882352941,19.0,0.5575447570332481
5,0.5555555555555556,0.3125,0.39999999999999997,16.0,0.5575447570332481
6,0.0,0.0,0.0,5.0,0.5575447570332481
7,0.0,0.0,0.0,6.0,0.5575447570332481
macro avg,0.25921282093084147,0.2303904774250898,0.23870965426529356,391.0,0.5575447570332481
weighted avg,0.5233377971187844,0.5575447570332481,0.5356164361997939,391.0,0.5575447570332481
