label,precision,recall,f1-score,support,accuracy
1,0.5833333333333334,0.7857142857142857,0.6695652173913044,98.0,0.5454545454545454
2,0.532258064516129,0.4230769230769231,0.4714285714285714,78.0,0.5454545454545454
3,0.0,0.0,0.0,6.0,0.5454545454545454
4,0.25,0.14285714285714285,0.18181818181818182,14.0,0.5454545454545454
5,0.4,0.2222222222222222,0.2857142857142857,9.0,0.5454545454545454
6,0.0,0.0,0.0,3.0,0.5454545454545454
7,0.0,0.0,0.0,1.0,0.5454545454545454
macro avg,0.2522273425499232,0.22483865341008194,0.2297894651931919,209.0,0.5454545454545454
weighted avg,0.5061377784637547,0.5454545454545454,0.5143813540318637,209.0,0.5454545454545454
