label,precision,recall,f1-score,support,accuracy
1,0.6208053691275168,0.8185840707964602,0.7061068702290076,226.0,0.5652173913043478
2,0.42857142857142855,0.26548672566371684,0.3278688524590164,113.0,0.5652173913043478
3,0.0,0.0,0.0,11.0,0.5652173913043478
4,0.1111111111111111,0.0625,0.08,16.0,0.5652173913043478
5,0.45454545454545453,0.25,0.3225806451612903,20.0,0.5652173913043478
6,0.0,0.0,0.0,1.0,0.5652173913043478
7,0.0,0.0,0.0,4.0,0.5652173913043478
macro avg,0.23071905190793016,0.19951011378002528,0.20522233826418776,391.0,0.5652173913043478
weighted avg,0.5104840708953378,0.5652173913043478,0.5226622657361902,391.0,0.5652173913043478
