label,precision,recall,f1-score,support,accuracy
1,0.5886524822695035,0.6484375,0.6171003717472118,128.0,0.5121951219512195
2,0.425531914893617,0.5063291139240507,0.46242774566473993,79.0,0.5121951219512195
3,0.0,0.0,0.0,12.0,0.5121951219512195
4,0.0,0.0,0.0,16.0,0.5121951219512195
5,0.75,0.3333333333333333,0.46153846153846156,9.0,0.5121951219512195
6,0.0,0.0,0.0,1.0,0.5121951219512195
7,0.0,0.0,0.0,1.0,0.5121951219512195
macro avg,0.2520263424518744,0.21258570675105484,0.2201523684214876,246.0,0.5121951219512195
weighted avg,0.4703843049068788,0.5121951219512195,0.48648164896342977,246.0,0.5121951219512195
