label,precision,recall,f1-score,support,accuracy
1,0.5476190476190477,0.45098039215686275,0.49462365591397855,51.0,0.40707964601769914
2,0.4339622641509434,0.5,0.46464646464646464,46.0,0.40707964601769914
3,0.0,0.0,0.0,5.0,0.40707964601769914
4,0.0,0.0,0.0,8.0,0.40707964601769914
5,0.0,0.0,0.0,0.0,0.40707964601769914
6,0.0,0.0,0.0,3.0,0.40707964601769914
7,0.0,0.0,0.0,0.0,0.40707964601769914
macro avg,0.1402259016814273,0.13585434173669467,0.1370385886514919,113.0,0.40707964601769914
weighted avg,0.42381270424349404,0.40707964601769914,0.4123853435871706,113.0,0.40707964601769914
