{"gpt-4-1106-preview_zero-shot_ai_assistant": [38.39761922127824, 38.4592549105785], "mixtral-8x7b-instruct_zero-shot_ai_assistant": [46.92167081912393, 47.350892776289456], "gpt-4-1106-preview_zero-shot_med_assistant": [38.25325405752853, 38.25325405752853], "mixtral-8x7b-instruct_zero-shot_med_assistant": [46.32751129405252, 46.746068863913244], "gpt-4-1106-preview_zero-shot_neurologist": [39.39964330872538, 39.56838226540243], "mixtral-8x7b-instruct_zero-shot_neurologist": [48.794058970177446, 49.18877495955405], "gpt-4-1106-preview_zero-shot_epi_expert": [51.8696643004815, 52.3317782734249], "mixtral-8x7b-instruct_zero-shot_epi_expert": [51.37065938788321, 51.83803253019968]}