{"gpt-4-1106-preview_zero-shot_ai_assistant": 0.4967289148262031, "mixtral-8x7b-instruct_zero-shot_ai_assistant": 3.459147766868521, "gpt-4-1106-preview_zero-shot_med_assistant": 0.0, "mixtral-8x7b-instruct_zero-shot_med_assistant": 3.3732022766283247, "gpt-4-1106-preview_zero-shot_neurologist": 1.359886127512412, "mixtral-8x7b-instruct_zero-shot_neurologist": 3.1810603125153025, "gpt-4-1106-preview_zero-shot_epi_expert": 3.7242282014231036, "mixtral-8x7b-instruct_zero-shot_epi_expert": 3.7666124357074198}