{"gpt-4-1106-preview_zero-shot_ai_assistant": 38.42843706592837, "mixtral-8x7b-instruct_zero-shot_ai_assistant": 47.136281797706694, "gpt-4-1106-preview_zero-shot_med_assistant": 38.25325405752853, "mixtral-8x7b-instruct_zero-shot_med_assistant": 46.53679007898288, "gpt-4-1106-preview_zero-shot_neurologist": 39.484012787063904, "mixtral-8x7b-instruct_zero-shot_neurologist": 48.99141696486575, "gpt-4-1106-preview_zero-shot_epi_expert": 52.1007212869532, "mixtral-8x7b-instruct_zero-shot_epi_expert": 51.604345959041446}