label,precision,recall,f1-score,support,accuracy
1,0.762589928057554,0.654320987654321,0.7043189368770765,162.0,0.5992217898832685
2,0.4519230769230769,0.6714285714285714,0.5402298850574713,70.0,0.5992217898832685
3,0.0,0.0,0.0,6.0,0.5992217898832685
4,0.0,0.0,0.0,8.0,0.5992217898832685
5,1.0,0.16666666666666666,0.2857142857142857,6.0,0.5992217898832685
6,0.0,0.0,0.0,3.0,0.5992217898832685
7,0.0,0.0,0.0,2.0,0.5992217898832685
macro avg,0.31635900071151873,0.21320231796422276,0.2186090153784048,257.0,0.5992217898832685
weighted avg,0.6271369016729149,0.5992217898832685,0.5977822779859732,257.0,0.5992217898832685
