label,precision,recall,f1-score,support,accuracy
1,0.6742081447963801,0.6592920353982301,0.6666666666666666,226.0,0.5473145780051151
2,0.4827586206896552,0.49557522123893805,0.48908296943231444,113.0,0.5473145780051151
3,0.0,0.0,0.0,11.0,0.5473145780051151
4,0.10526315789473684,0.125,0.11428571428571428,16.0,0.5473145780051151
5,0.5454545454545454,0.3,0.3870967741935483,20.0,0.5473145780051151
6,0.045454545454545456,1.0,0.08695652173913045,1.0,0.5473145780051151
7,0.0,0.0,0.0,4.0,0.5473145780051151
macro avg,0.2647341448985519,0.36855246523388124,0.24915552090248202,391.0,0.5473145780051151
weighted avg,0.5615384164776833,0.5473145780051151,0.5513823673828637,391.0,0.5473145780051151
