label,precision,recall,f1-score,support,accuracy
1,0.5,0.39215686274509803,0.4395604395604396,51.0,0.40707964601769914
2,0.4727272727272727,0.5652173913043478,0.5148514851485148,46.0,0.40707964601769914
3,0.0,0.0,0.0,5.0,0.40707964601769914
4,0.0,0.0,0.0,8.0,0.40707964601769914
5,0.0,0.0,0.0,0.0,0.40707964601769914
6,0.0,0.0,0.0,3.0,0.40707964601769914
7,0.0,0.0,0.0,0.0,0.40707964601769914
macro avg,0.13896103896103895,0.13676775057849228,0.13634456067270778,113.0,0.40707964601769914
weighted avg,0.41810136765888983,0.40707964601769914,0.4079712454372929,113.0,0.40707964601769914
