label,precision,recall,f1-score,support,accuracy
1,0.5371900826446281,0.5078125,0.5220883534136546,128.0,0.4065040650406504
2,0.3563218390804598,0.3924050632911392,0.3734939759036145,79.0,0.4065040650406504
3,0.0,0.0,0.0,12.0,0.4065040650406504
4,0.06666666666666667,0.0625,0.06451612903225808,16.0,0.4065040650406504
5,0.2727272727272727,0.3333333333333333,0.3,9.0,0.4065040650406504
6,0.0,0.0,0.0,1.0,0.4065040650406504
7,0.0,0.0,0.0,1.0,0.4065040650406504
macro avg,0.17612940873128963,0.18515012808921036,0.18001406547850388,246.0,0.4065040650406504
weighted avg,0.40825596742715786,0.4065040650406504,0.40677069673922545,246.0,0.4065040650406504
