label,precision,recall,f1-score,support,accuracy
1,0.4691358024691358,0.37254901960784315,0.41530054644808745,102.0,0.3397129186602871
2,0.4307692307692308,0.3835616438356164,0.40579710144927533,73.0,0.3397129186602871
3,0.0,0.0,0.0,6.0,0.3397129186602871
4,0.18181818181818182,0.16666666666666666,0.17391304347826086,12.0,0.3397129186602871
5,0.21428571428571427,0.2727272727272727,0.23999999999999996,11.0,0.3397129186602871
6,0.0,0.0,0.0,3.0,0.3397129186602871
7,0.0,0.0,0.0,2.0,0.3397129186602871
macro avg,0.18514413276318037,0.17078637183391412,0.17643009876794621,209.0,0.3397129186602871
weighted avg,0.40113381213859683,0.3397129186602871,0.3670373237571346,209.0,0.3397129186602871
