label,precision,recall,f1-score,support,accuracy
1,0.5581395348837209,0.47058823529411764,0.5106382978723404,102.0,0.42105263157894735
2,0.3695652173913043,0.4657534246575342,0.41212121212121205,73.0,0.42105263157894735
3,0.0,0.0,0.0,6.0,0.42105263157894735
4,0.0,0.0,0.0,12.0,0.42105263157894735
5,0.5555555555555556,0.45454545454545453,0.5,11.0,0.42105263157894735
6,0.0,0.0,0.0,3.0,0.42105263157894735
7,0.3333333333333333,0.5,0.4,2.0,0.42105263157894735
macro avg,0.2595133773091306,0.2701267306424438,0.26039421571336463,209.0,0.42105263157894735
weighted avg,0.43390560385398347,0.42105263157894735,0.423301219463288,209.0,0.42105263157894735
