label,precision,recall,f1-score,support,accuracy
1,0.6296296296296297,0.53125,0.5762711864406779,128.0,0.491869918699187
2,0.42735042735042733,0.6329113924050633,0.510204081632653,79.0,0.491869918699187
3,0.0,0.0,0.0,12.0,0.491869918699187
4,0.1,0.0625,0.07692307692307693,16.0,0.491869918699187
5,0.4,0.2222222222222222,0.2857142857142857,9.0,0.491869918699187
6,0.0,0.0,0.0,1.0,0.491869918699187
7,0.0,0.0,0.0,1.0,0.491869918699187
macro avg,0.22242572242572242,0.20698337351818363,0.20701609010152763,246.0,0.491869918699187
weighted avg,0.485988928265351,0.491869918699187,0.47915053705522015,246.0,0.491869918699187
