label,precision,recall,f1-score,support,accuracy
1,0.48484848484848486,0.3137254901960784,0.380952380952381,51.0,0.37168141592920356
2,0.4,0.5652173913043478,0.46846846846846846,46.0,0.37168141592920356
3,0.0,0.0,0.0,5.0,0.37168141592920356
4,0.0,0.0,0.0,8.0,0.37168141592920356
5,0.0,0.0,0.0,0.0,0.37168141592920356
6,0.0,0.0,0.0,3.0,0.37168141592920356
7,0.0,0.0,0.0,0.0,0.37168141592920356
macro avg,0.1264069264069264,0.12556326878577517,0.12134583563154992,113.0,0.37168141592920356
weighted avg,0.381657280772325,0.37168141592920356,0.36263823874443346,113.0,0.37168141592920356
