label,precision,recall,f1-score,support,accuracy
1,0.6198347107438017,0.5859375,0.6024096385542169,128.0,0.508130081300813
2,0.42592592592592593,0.5822784810126582,0.4919786096256684,79.0,0.508130081300813
3,0.0,0.0,0.0,12.0,0.508130081300813
4,0.1111111111111111,0.0625,0.08,16.0,0.508130081300813
5,0.5,0.3333333333333333,0.4,9.0,0.508130081300813
6,0.0,0.0,0.0,1.0,0.508130081300813
7,0.0,0.0,0.0,1.0,0.508130081300813
macro avg,0.23669596396869125,0.22343561633514164,0.2249126068828408,246.0,0.508130081300813
weighted avg,0.48481613374444116,0.508130081300813,0.4912794467291364,246.0,0.508130081300813
