label,precision,recall,f1-score,support,accuracy
1,0.6680851063829787,0.6946902654867256,0.6811279826464207,226.0,0.5345268542199488
2,0.5119047619047619,0.3805309734513274,0.43654822335025384,113.0,0.5345268542199488
3,0.0,0.0,0.0,11.0,0.5345268542199488
4,0.12,0.1875,0.14634146341463414,16.0,0.5345268542199488
5,0.46153846153846156,0.3,0.3636363636363637,20.0,0.5345268542199488
6,0.0,0.0,0.0,1.0,0.5345268542199488
7,0.0,0.0,0.0,4.0,0.5345268542199488
macro avg,0.25164690426088604,0.22324589127686473,0.23252200472109605,391.0,0.5345268542199488
weighted avg,0.5626169855973414,0.5345268542199488,0.5444477340256553,391.0,0.5345268542199488
