label,precision,recall,f1-score,support,accuracy
1,0.625,0.6967213114754098,0.6589147286821706,122.0,0.5486381322957199
2,0.5212765957446809,0.5051546391752577,0.5130890052356021,97.0,0.5486381322957199
3,0.0,0.0,0.0,8.0,0.5486381322957199
4,0.21428571428571427,0.21428571428571427,0.21428571428571427,14.0,0.5486381322957199
5,0.5,0.2222222222222222,0.30769230769230765,9.0,0.5486381322957199
6,0.16666666666666666,0.3333333333333333,0.2222222222222222,3.0,0.5486381322957199
7,0.3333333333333333,0.25,0.28571428571428575,4.0,0.5486381322957199
macro avg,0.33722318714719934,0.3173881743559911,0.3145597519760432,257.0,0.5486381322957199
weighted avg,0.5297554985236086,0.5486381322957199,0.5359376847697773,257.0,0.5486381322957199
