label,precision,recall,f1-score,support,accuracy
1,0.6126126126126126,0.6938775510204082,0.6507177033492824,98.0,0.5454545454545454
2,0.5128205128205128,0.5128205128205128,0.5128205128205128,78.0,0.5454545454545454
3,0.0,0.0,0.0,6.0,0.5454545454545454
4,0.3,0.21428571428571427,0.25,14.0,0.5454545454545454
5,0.5,0.2222222222222222,0.30769230769230765,9.0,0.5454545454545454
6,0.25,0.3333333333333333,0.28571428571428575,3.0,0.5454545454545454
7,0.0,0.0,0.0,1.0,0.5454545454545454
macro avg,0.3107761607761607,0.28236276195459864,0.2867064013680555,209.0,0.5454545454545454
weighted avg,0.5238566317513685,0.5454545454545454,0.5306062610268101,209.0,0.5454545454545454
