label,precision,recall,f1-score,support,accuracy
1,0.5527950310559007,0.6953125,0.615916955017301,128.0,0.4959349593495935
2,0.4225352112676056,0.379746835443038,0.4,79.0,0.4959349593495935
3,0.0,0.0,0.0,12.0,0.4959349593495935
4,0.16666666666666666,0.0625,0.09090909090909091,16.0,0.4959349593495935
5,0.4,0.2222222222222222,0.2857142857142857,9.0,0.4959349593495935
6,0.0,0.0,0.0,1.0,0.4959349593495935
7,0.0,0.0,0.0,1.0,0.4959349593495935
macro avg,0.22028527271288187,0.1942545082378943,0.19893433309152536,246.0,0.4959349593495935
weighted avg,0.44879964362586505,0.4959349593495935,0.4652981474316608,246.0,0.4959349593495935
