label,precision,recall,f1-score,support,accuracy
1,0.6012269938650306,0.765625,0.6735395189003436,128.0,0.5365853658536586
2,0.47619047619047616,0.379746835443038,0.4225352112676056,79.0,0.5365853658536586
3,0.0,0.0,0.0,12.0,0.5365853658536586
4,0.1111111111111111,0.0625,0.08,16.0,0.5365853658536586
5,0.6,0.3333333333333333,0.42857142857142855,9.0,0.5365853658536586
6,0.0,0.0,0.0,1.0,0.5365853658536586
7,0.0,0.0,0.0,1.0,0.5365853658536586
macro avg,0.25550408302380256,0.22017216696805303,0.22923516553419684,246.0,0.5365853658536586
weighted avg,0.4949344740306883,0.5365853658536586,0.5070344836037711,246.0,0.5365853658536586
