label,precision,recall,f1-score,support,accuracy
1,0.5454545454545454,0.7058823529411765,0.6153846153846153,102.0,0.45933014354066987
2,0.35714285714285715,0.273972602739726,0.3100775193798449,73.0,0.45933014354066987
3,0.0,0.0,0.0,6.0,0.45933014354066987
4,0.0,0.0,0.0,12.0,0.45933014354066987
5,0.3333333333333333,0.2727272727272727,0.3,11.0,0.45933014354066987
6,0.0,0.0,0.0,3.0,0.45933014354066987
7,0.2,0.5,0.28571428571428575,2.0,0.45933014354066987
macro avg,0.2051329622758194,0.25036888977259647,0.215882345782678,209.0,0.45933014354066987
weighted avg,0.4104041094471717,0.45933014354066987,0.4271594174898948,209.0,0.45933014354066987
