label,precision,recall,f1-score,support,accuracy
1,0.7142857142857143,0.7716049382716049,0.741839762611276,162.0,0.6186770428015564
2,0.5344827586206896,0.44285714285714284,0.484375,70.0,0.6186770428015564
3,0.0,0.0,0.0,6.0,0.6186770428015564
4,0.0,0.0,0.0,8.0,0.6186770428015564
5,1.0,0.3333333333333333,0.5,6.0,0.6186770428015564
6,0.0,0.0,0.0,3.0,0.6186770428015564
7,0.05,0.5,0.09090909090909091,2.0,0.6186770428015564
macro avg,0.32839549612948626,0.2925422020660116,0.259589121931481,257.0,0.6186770428015564
weighted avg,0.6195645090184201,0.6186770428015564,0.611930388034416,257.0,0.6186770428015564
