label,precision,recall,f1-score,support,accuracy
1,0.6488294314381271,0.8584070796460177,0.7390476190476191,226.0,0.59846547314578
2,0.5636363636363636,0.2743362831858407,0.369047619047619,113.0,0.59846547314578
3,0.0,0.0,0.0,11.0,0.59846547314578
4,0.125,0.125,0.125,16.0,0.59846547314578
5,0.5833333333333334,0.35,0.4375,20.0,0.59846547314578
6,0.0,0.0,0.0,1.0,0.59846547314578
7,0.0,0.0,0.0,4.0,0.59846547314578
macro avg,0.27439987548683203,0.22967762326169408,0.238656462585034,391.0,0.59846547314578
weighted avg,0.5728721924874488,0.59846547314578,0.5613226160029229,391.0,0.59846547314578
