label,precision,recall,f1-score,support,accuracy
1,0.5929203539823009,0.5630252100840336,0.5775862068965517,119.0,0.46747967479674796
2,0.4883720930232558,0.46153846153846156,0.4745762711864407,91.0,0.46747967479674796
3,0.0,0.0,0.0,7.0,0.46747967479674796
4,0.25,0.2857142857142857,0.26666666666666666,14.0,0.46747967479674796
5,0.2,0.2222222222222222,0.2105263157894737,9.0,0.46747967479674796
6,0.0,0.0,0.0,3.0,0.46747967479674796
7,0.0,0.0,0.0,3.0,0.46747967479674796
macro avg,0.21875606385793667,0.21892859707985757,0.21847935150559036,246.0,0.46747967479674796
weighted avg,0.4890218804431304,0.46747967479674796,0.4778344287564811,246.0,0.46747967479674796
