label,precision,recall,f1-score,support,accuracy
1,0.5729166666666666,0.5612244897959183,0.5670103092783505,98.0,0.46411483253588515
2,0.5070422535211268,0.46153846153846156,0.48322147651006714,78.0,0.46411483253588515
3,0.0,0.0,0.0,6.0,0.46411483253588515
4,0.2857142857142857,0.2857142857142857,0.2857142857142857,14.0,0.46411483253588515
5,0.2222222222222222,0.2222222222222222,0.2222222222222222,9.0,0.46411483253588515
6,0.0,0.0,0.0,3.0,0.46411483253588515
7,0.0,0.0,0.0,1.0,0.46411483253588515
macro avg,0.22684220401775734,0.21867135132441254,0.22259547053213222,209.0,0.46411483253588515
weighted avg,0.486579565109958,0.46411483253588515,0.4749200262060459,209.0,0.46411483253588515
