label,precision,recall,f1-score,support,accuracy
1,0.5847457627118644,0.5655737704918032,0.575,122.0,0.46303501945525294
2,0.4943820224719101,0.4536082474226804,0.47311827956989244,97.0,0.46303501945525294
3,0.0,0.0,0.0,8.0,0.46303501945525294
4,0.23529411764705882,0.2857142857142857,0.2580645161290323,14.0,0.46303501945525294
5,0.18181818181818182,0.2222222222222222,0.19999999999999998,9.0,0.46303501945525294
6,0.0,0.0,0.0,3.0,0.46303501945525294
7,0.0,0.0,0.0,4.0,0.46303501945525294
macro avg,0.21374858352128792,0.21815978940728456,0.21516897081413208,257.0,0.46303501945525294
weighted avg,0.4833638930507595,0.46303501945525294,0.4725890130120078,257.0,0.46303501945525294
