label,precision,recall,f1-score,support,accuracy
1,0.6312849162011173,0.5566502463054187,0.5916230366492146,203.0,0.4731457800511509
2,0.4701492537313433,0.47368421052631576,0.47191011235955055,133.0,0.4731457800511509
3,0.0,0.0,0.0,9.0,0.4731457800511509
4,0.20833333333333334,0.2631578947368421,0.23255813953488372,19.0,0.4731457800511509
5,0.2857142857142857,0.25,0.26666666666666666,16.0,0.4731457800511509
6,0.0,0.0,0.0,5.0,0.4731457800511509
7,0.0,0.0,0.0,6.0,0.4731457800511509
macro avg,0.22792596985429706,0.2204989073669395,0.2232511364586165,391.0,0.4731457800511509
weighted avg,0.5094896435801979,0.4731457800511509,0.4898946104896169,391.0,0.4731457800511509
