label,precision,recall,f1-score,support,accuracy
1,0.54,0.54,0.54,50.0,0.4778761061946903
2,0.5714285714285714,0.5333333333333333,0.5517241379310344,45.0,0.4778761061946903
3,0.0,0.0,0.0,3.0,0.4778761061946903
4,0.25,0.16666666666666666,0.2,6.0,0.4778761061946903
5,0.2857142857142857,0.2857142857142857,0.2857142857142857,7.0,0.4778761061946903
6,0.0,0.0,0.0,2.0,0.4778761061946903
7,0.0,0.0,0.0,0.0,0.4778761061946903
macro avg,0.2353061224489796,0.2179591836734694,0.2253483462350457,113.0,0.4778761061946903
weighted avg,0.49747155499367884,0.4778761061946903,0.4869697894415624,113.0,0.4778761061946903
