label,precision,recall,f1-score,support,accuracy
1,0.5033557046979866,0.7653061224489796,0.6072874493927125,98.0,0.4688995215311005
2,0.41304347826086957,0.24358974358974358,0.3064516129032258,78.0,0.4688995215311005
3,0.0,0.0,0.0,6.0,0.4688995215311005
4,0.2857142857142857,0.14285714285714285,0.19047619047619047,14.0,0.4688995215311005
5,0.4,0.2222222222222222,0.2857142857142857,9.0,0.4688995215311005
6,0.0,0.0,0.0,3.0,0.4688995215311005
7,0.0,0.0,0.0,1.0,0.4688995215311005
macro avg,0.22887335266759168,0.19628217587401256,0.19856136264091637,209.0,0.4688995215311005
weighted avg,0.4265370830849307,0.4688995215311005,0.42418895255996497,209.0,0.4688995215311005
