label,precision,recall,f1-score,support,accuracy
1,0.5849056603773585,0.6326530612244898,0.6078431372549019,98.0,0.5167464114832536
2,0.5342465753424658,0.5,0.5165562913907286,78.0,0.5167464114832536
3,0.0,0.0,0.0,6.0,0.5167464114832536
4,0.3,0.21428571428571427,0.25,14.0,0.5167464114832536
5,0.5,0.3333333333333333,0.4,9.0,0.5167464114832536
6,0.09090909090909091,0.3333333333333333,0.14285714285714288,3.0,0.5167464114832536
7,0.0,0.0,0.0,1.0,0.5167464114832536
macro avg,0.2871516180898451,0.28765792031098153,0.2738937959289676,209.0,0.5167464114832536
weighted avg,0.5165775830929222,0.5167464114832536,0.5138210029092279,209.0,0.5167464114832536
