label,precision,recall,f1-score,support,accuracy
1,0.62,0.6108374384236454,0.6153846153846154,203.0,0.5140664961636828
2,0.5074626865671642,0.5112781954887218,0.5093632958801498,133.0,0.5140664961636828
3,0.0,0.0,0.0,9.0,0.5140664961636828
4,0.15789473684210525,0.15789473684210525,0.15789473684210525,19.0,0.5140664961636828
5,0.625,0.3125,0.4166666666666667,16.0,0.5140664961636828
6,0.04,0.2,0.06666666666666667,5.0,0.5140664961636828
7,0.0,0.0,0.0,6.0,0.5140664961636828
macro avg,0.2786224890584671,0.25607291010778177,0.25228228306288625,391.0,0.5140664961636828
weighted avg,0.5282673588578845,0.5140664961636828,0.5183334917522682,391.0,0.5140664961636828
