label,precision,recall,f1-score,support,accuracy
1,0.5967741935483871,0.6218487394957983,0.609053497942387,119.0,0.5121951219512195
2,0.5294117647058824,0.4945054945054945,0.5113636363636365,91.0,0.5121951219512195
3,0.0,0.0,0.0,7.0,0.5121951219512195
4,0.23076923076923078,0.21428571428571427,0.22222222222222224,14.0,0.5121951219512195
5,0.5,0.3333333333333333,0.4,9.0,0.5121951219512195
6,0.07142857142857142,0.3333333333333333,0.11764705882352941,3.0,0.5121951219512195
7,0.0,0.0,0.0,3.0,0.5121951219512195
macro avg,0.27548339435029595,0.28532951642195337,0.2657552021931107,246.0,0.5121951219512195
weighted avg,0.5168197340062939,0.5121951219512195,0.5125020709423442,246.0,0.5121951219512195
