label,precision,recall,f1-score,support,accuracy
1,0.5910780669144982,0.7832512315270936,0.673728813559322,203.0,0.5447570332480819
2,0.5421686746987951,0.3383458646616541,0.4166666666666667,133.0,0.5447570332480819
3,0.0,0.0,0.0,9.0,0.5447570332480819
4,0.1875,0.15789473684210525,0.17142857142857143,19.0,0.5447570332480819
5,0.8333333333333334,0.3125,0.45454545454545453,16.0,0.5447570332480819
6,0.0,0.0,0.0,5.0,0.5447570332480819
7,0.06666666666666667,0.16666666666666666,0.09523809523809522,6.0,0.5447570332480819
macro avg,0.3172495345161848,0.2512369285282171,0.25880108591973,391.0,0.5447570332480819
weighted avg,0.5355322625368701,0.5447570332480819,0.5199102673158766,391.0,0.5447570332480819
