label,precision,recall,f1-score,support,accuracy
1,0.5454545454545454,0.7868852459016393,0.6442953020134228,122.0,0.5136186770428015
2,0.5272727272727272,0.29896907216494845,0.3815789473684211,97.0,0.5136186770428015
3,0.0,0.0,0.0,8.0,0.5136186770428015
4,0.25,0.21428571428571427,0.23076923076923075,14.0,0.5136186770428015
5,0.75,0.3333333333333333,0.46153846153846156,9.0,0.5136186770428015
6,0.0,0.0,0.0,3.0,0.5136186770428015
7,0.1111111111111111,0.25,0.15384615384615383,4.0,0.5136186770428015
macro avg,0.31197691197691196,0.2690676236693765,0.2674325850765271,257.0,0.5136186770428015
weighted avg,0.49955390480682316,0.5136186770428015,0.48100071883414175,257.0,0.5136186770428015
