label,precision,recall,f1-score,support,accuracy
1,0.5535714285714286,0.7815126050420168,0.6480836236933798,119.0,0.516260162601626
2,0.5094339622641509,0.2967032967032967,0.375,91.0,0.516260162601626
3,0.0,0.0,0.0,7.0,0.516260162601626
4,0.2727272727272727,0.21428571428571427,0.23999999999999996,14.0,0.516260162601626
5,0.75,0.3333333333333333,0.46153846153846156,9.0,0.516260162601626
6,0.0,0.0,0.0,3.0,0.516260162601626
7,0.1111111111111111,0.3333333333333333,0.16666666666666666,3.0,0.516260162601626
macro avg,0.3138348249534233,0.27988118324252775,0.27018410741407256,246.0,0.516260162601626
weighted avg,0.5005488037298897,0.516260162601626,0.48479998932259494,246.0,0.516260162601626
