label,precision,recall,f1-score,support,accuracy
1,0.5306122448979592,0.7959183673469388,0.6367346938775511,98.0,0.5023923444976076
2,0.5,0.2692307692307692,0.35000000000000003,78.0,0.5023923444976076
3,0.0,0.0,0.0,6.0,0.5023923444976076
4,0.375,0.21428571428571427,0.2727272727272727,14.0,0.5023923444976076
5,0.75,0.3333333333333333,0.46153846153846156,9.0,0.5023923444976076
6,0.0,0.0,0.0,3.0,0.5023923444976076
7,0.0,0.0,0.0,1.0,0.5023923444976076
macro avg,0.3079446064139942,0.23039545488525076,0.24585720402046934,209.0,0.5023923444976076
weighted avg,0.49282296650717705,0.5023923444976076,0.4673302773781244,209.0,0.5023923444976076
