label,precision,recall,f1-score,support,accuracy
1,0.4939759036144578,0.82,0.6165413533834586,50.0,0.5132743362831859
2,0.5416666666666666,0.28888888888888886,0.3768115942028985,45.0,0.5132743362831859
3,0.0,0.0,0.0,3.0,0.5132743362831859
4,0.5,0.16666666666666666,0.25,6.0,0.5132743362831859
5,1.0,0.42857142857142855,0.6,7.0,0.5132743362831859
6,0.0,0.0,0.0,2.0,0.5132743362831859
7,0.0,0.0,0.0,0.0,0.5132743362831859
macro avg,0.36223465289730356,0.24344671201814058,0.2633361353694796,113.0,0.5132743362831859
weighted avg,0.5227769485019724,0.5132743362831859,0.4733061009584369,113.0,0.5132743362831859
