label,precision,recall,f1-score,support,accuracy
1,0.5521472392638037,0.7563025210084033,0.6382978723404256,119.0,0.532520325203252
2,0.5,0.42857142857142855,0.4615384615384615,91.0,0.532520325203252
3,0.0,0.0,0.0,7.0,0.532520325203252
4,0.5,0.14285714285714285,0.22222222222222224,14.0,0.532520325203252
5,0.0,0.0,0.0,9.0,0.532520325203252
6,0.0,0.0,0.0,3.0,0.532520325203252
7,0.0,0.0,0.0,3.0,0.532520325203252
macro avg,0.22173531989482909,0.18967587034813924,0.18886550801444418,246.0,0.532520325203252
weighted avg,0.48051024988777497,0.532520325203252,0.49214860942935673,246.0,0.532520325203252
