label,precision,recall,f1-score,support,accuracy
1,0.5977011494252874,0.7684729064039408,0.6724137931034482,203.0,0.5549872122762148
2,0.4793388429752066,0.43609022556390975,0.45669291338582674,133.0,0.5549872122762148
3,0.0,0.0,0.0,9.0,0.5549872122762148
4,0.3333333333333333,0.10526315789473684,0.16,19.0,0.5549872122762148
5,0.5,0.0625,0.1111111111111111,16.0,0.5549872122762148
6,0.0,0.0,0.0,5.0,0.5549872122762148
7,0.0,0.0,0.0,6.0,0.5549872122762148
macro avg,0.27291047510483246,0.19604661283751249,0.20003111680005511,391.0,0.5549872122762148
weighted avg,0.5100223344817626,0.5549872122762148,0.5167722129362985,391.0,0.5549872122762148
