label,precision,recall,f1-score,support,accuracy
1,0.5406976744186046,0.7622950819672131,0.6326530612244897,122.0,0.5252918287937743
2,0.5,0.41237113402061853,0.4519774011299435,97.0,0.5252918287937743
3,0.0,0.0,0.0,8.0,0.5252918287937743
4,0.5,0.14285714285714285,0.22222222222222224,14.0,0.5252918287937743
5,0.0,0.0,0.0,9.0,0.5252918287937743
6,0.0,0.0,0.0,3.0,0.5252918287937743
7,0.0,0.0,0.0,4.0,0.5252918287937743
macro avg,0.22009966777408638,0.1882176226921392,0.18669324065380793,257.0,0.5252918287937743
weighted avg,0.4726269115917111,0.5252918287937743,0.4830217606618808,257.0,0.5252918287937743
