label,precision,recall,f1-score,support,accuracy
1,0.55,0.7857142857142857,0.6470588235294117,98.0,0.5454545454545454
2,0.5303030303030303,0.44871794871794873,0.48611111111111116,78.0,0.5454545454545454
3,0.0,0.0,0.0,6.0,0.5454545454545454
4,1.0,0.14285714285714285,0.25,14.0,0.5454545454545454
5,0.0,0.0,0.0,9.0,0.5454545454545454
6,0.0,0.0,0.0,3.0,0.5454545454545454
7,0.0,0.0,0.0,1.0,0.5454545454545454
macro avg,0.29718614718614716,0.1967556253270539,0.19759570494864612,209.0,0.5454545454545454
weighted avg,0.5227925184862984,0.5454545454545454,0.5015714419739188,209.0,0.5454545454545454
