label,precision,recall,f1-score,support,accuracy
1,0.5858585858585859,0.5686274509803921,0.5771144278606966,102.0,0.45933014354066987
2,0.4074074074074074,0.4520547945205479,0.42857142857142855,73.0,0.45933014354066987
3,0.0,0.0,0.0,6.0,0.45933014354066987
4,0.0,0.0,0.0,12.0,0.45933014354066987
5,0.375,0.2727272727272727,0.3157894736842105,11.0,0.45933014354066987
6,0.14285714285714285,0.3333333333333333,0.2,3.0,0.45933014354066987
7,0.3333333333333333,0.5,0.4,2.0,0.45933014354066987
macro avg,0.2634937813509242,0.30382040736593513,0.2744964757309051,209.0,0.45933014354066987
weighted avg,0.45319882580648135,0.45933014354066987,0.45466540735900307,209.0,0.45933014354066987
