label,precision,recall,f1-score,support,accuracy
1,0.7058823529411765,0.5925925925925926,0.6442953020134228,162.0,0.5291828793774319
2,0.4868421052631579,0.5285714285714286,0.5068493150684932,70.0,0.5291828793774319
3,0.0,0.0,0.0,6.0,0.5291828793774319
4,0.0,0.0,0.0,8.0,0.5291828793774319
5,1.0,0.3333333333333333,0.5,6.0,0.5291828793774319
6,0.034482758620689655,0.3333333333333333,0.0625,3.0,0.5291828793774319
7,0.0,0.0,0.0,2.0,0.5291828793774319
macro avg,0.318172459546432,0.2554043839758125,0.24480637386884513,257.0,0.5291828793774319
weighted avg,0.6013048125321157,0.5291828793774319,0.5565867353345098,257.0,0.5291828793774319
