label,precision,recall,f1-score,support,accuracy
1,0.5789473684210527,0.515625,0.5454545454545454,128.0,0.46747967479674796
2,0.411214953271028,0.5569620253164557,0.47311827956989244,79.0,0.46747967479674796
3,0.0,0.0,0.0,12.0,0.46747967479674796
4,0.1111111111111111,0.0625,0.08,16.0,0.46747967479674796
5,0.6666666666666666,0.4444444444444444,0.5333333333333333,9.0,0.46747967479674796
6,0.0,0.0,0.0,1.0,0.46747967479674796
7,0.0,0.0,0.0,1.0,0.46747967479674796
macro avg,0.2525628713528369,0.2256473528229857,0.2331294511939673,246.0,0.46747967479674796
weighted avg,0.46491472456944605,0.46747967479674796,0.46046555245611104,246.0,0.46747967479674796
