label,precision,recall,f1-score,support,accuracy
1,0.5662650602409639,0.7704918032786885,0.6527777777777777,122.0,0.5447470817120622
2,0.5454545454545454,0.4329896907216495,0.4827586206896552,97.0,0.5447470817120622
3,0.0,0.0,0.0,8.0,0.5447470817120622
4,0.2222222222222222,0.14285714285714285,0.17391304347826086,14.0,0.5447470817120622
5,0.5,0.2222222222222222,0.30769230769230765,9.0,0.5447470817120622
6,0.0,0.0,0.0,3.0,0.5447470817120622
7,0.0,0.0,0.0,4.0,0.5447470817120622
macro avg,0.26199168970253306,0.22408012272567188,0.2310202499482859,257.0,0.5447470817120622
weighted avg,0.5042978185587534,0.5447470817120622,0.5123365310261162,257.0,0.5447470817120622
