label,precision,recall,f1-score,support,accuracy
1,0.5796178343949044,0.7647058823529411,0.6594202898550724,119.0,0.5528455284552846
2,0.5394736842105263,0.45054945054945056,0.4910179640718563,91.0,0.5528455284552846
3,0.0,0.0,0.0,7.0,0.5528455284552846
4,0.25,0.14285714285714285,0.18181818181818182,14.0,0.5528455284552846
5,0.5,0.2222222222222222,0.30769230769230765,9.0,0.5528455284552846
6,0.0,0.0,0.0,3.0,0.5528455284552846
7,0.0,0.0,0.0,3.0,0.5528455284552846
macro avg,0.2670130740864901,0.22576209971167951,0.23427839191963118,246.0,0.5528455284552846
weighted avg,0.5124659656754127,0.5528455284552846,0.5222290021869018,246.0,0.5528455284552846
