label,precision,recall,f1-score,support,accuracy
1,0.553030303030303,0.7448979591836735,0.6347826086956522,98.0,0.5358851674641149
2,0.5223880597014925,0.44871794871794873,0.4827586206896552,78.0,0.5358851674641149
3,0.0,0.0,0.0,6.0,0.5358851674641149
4,0.4,0.14285714285714285,0.21052631578947364,14.0,0.5358851674641149
5,0.5,0.2222222222222222,0.30769230769230765,9.0,0.5358851674641149
6,0.0,0.0,0.0,3.0,0.5358851674641149
7,0.0,0.0,0.0,1.0,0.5358851674641149
macro avg,0.28220262324739936,0.22267075328299818,0.23367997898101267,209.0,0.5358851674641149
weighted avg,0.5025992265726608,0.5358851674641149,0.5051696997906718,209.0,0.5358851674641149
