label,precision,recall,f1-score,support,accuracy
1,0.6095617529880478,0.7536945812807881,0.6740088105726872,203.0,0.5601023017902813
2,0.5042016806722689,0.45112781954887216,0.47619047619047616,133.0,0.5601023017902813
3,0.0,0.0,0.0,9.0,0.5601023017902813
4,0.16666666666666666,0.10526315789473684,0.12903225806451615,19.0,0.5601023017902813
5,0.6666666666666666,0.25,0.36363636363636365,16.0,0.5601023017902813
6,0.0,0.0,0.0,5.0,0.5601023017902813
7,0.0,0.0,0.0,6.0,0.5601023017902813
macro avg,0.27815668099909285,0.2228693655320567,0.23469541549486334,391.0,0.5601023017902813
weighted avg,0.523358549154268,0.5601023017902813,0.5330611677774845,391.0,0.5601023017902813
