label,precision,recall,f1-score,support,accuracy
1,0.5925925925925926,0.7868852459016393,0.676056338028169,122.0,0.5486381322957199
2,0.5394736842105263,0.422680412371134,0.47398843930635837,97.0,0.5486381322957199
3,0.0,0.0,0.0,8.0,0.5486381322957199
4,0.2,0.14285714285714285,0.16666666666666666,14.0,0.5486381322957199
5,0.3333333333333333,0.2222222222222222,0.26666666666666666,9.0,0.5486381322957199
6,0.0,0.0,0.0,3.0,0.5486381322957199
7,0.0,0.0,0.0,4.0,0.5486381322957199
macro avg,0.23791423001949316,0.22494928905030548,0.2261968729525515,257.0,0.5486381322957199
weighted avg,0.5074912204852815,0.5486381322957199,0.5182454676478083,257.0,0.5486381322957199
