label,precision,recall,f1-score,support,accuracy
1,0.5271317829457365,0.6666666666666666,0.5887445887445888,102.0,0.4449760765550239
2,0.3333333333333333,0.2876712328767123,0.3088235294117647,73.0,0.4449760765550239
3,0.0,0.0,0.0,6.0,0.4449760765550239
4,0.0,0.0,0.0,12.0,0.4449760765550239
5,0.3333333333333333,0.2727272727272727,0.3,11.0,0.4449760765550239
6,0.0,0.0,0.0,3.0,0.4449760765550239
7,0.3333333333333333,0.5,0.4,2.0,0.4449760765550239
macro avg,0.21816168327796231,0.2467235960386645,0.22822401687947907,209.0,0.4449760765550239
weighted avg,0.39442157190015215,0.4449760765550239,0.4148137114785018,209.0,0.4449760765550239
