label,precision,recall,f1-score,support,accuracy
1,0.6312292358803987,0.8407079646017699,0.7210626185958254,226.0,0.5882352941176471
2,0.515625,0.2920353982300885,0.37288135593220345,113.0,0.5882352941176471
3,0.0,0.0,0.0,11.0,0.5882352941176471
4,0.07692307692307693,0.0625,0.06896551724137931,16.0,0.5882352941176471
5,0.4166666666666667,0.25,0.3125,20.0,0.5882352941176471
6,0.0,0.0,0.0,1.0,0.5882352941176471
7,1.0,0.25,0.4,4.0,0.5882352941176471
macro avg,0.3772062827814489,0.24217762326169406,0.267915641681344,391.0,0.5882352941176471
weighted avg,0.5485614702636129,0.5882352941176471,0.5474403920686896,391.0,0.5882352941176471
