label,precision,recall,f1-score,support,accuracy
1,0.6683168316831684,0.8333333333333334,0.7417582417582418,162.0,0.6108949416342413
2,0.45652173913043476,0.3,0.3620689655172414,70.0,0.6108949416342413
3,0.0,0.0,0.0,6.0,0.6108949416342413
4,0.0,0.0,0.0,8.0,0.6108949416342413
5,1.0,0.16666666666666666,0.2857142857142857,6.0,0.6108949416342413
6,0.0,0.0,0.0,3.0,0.6108949416342413
7,0.0,0.0,0.0,2.0,0.6108949416342413
macro avg,0.3035483672590861,0.18571428571428572,0.198505927569967,257.0,0.6108949416342413
weighted avg,0.5689643909408705,0.6108949416342413,0.5728558306043883,257.0,0.6108949416342413
