label,precision,recall,f1-score,support,accuracy
1,0.59375,0.6229508196721312,0.608,122.0,0.5097276264591439
2,0.5454545454545454,0.4948453608247423,0.5189189189189188,97.0,0.5097276264591439
3,0.0,0.0,0.0,8.0,0.5097276264591439
4,0.21428571428571427,0.21428571428571427,0.21428571428571427,14.0,0.5097276264591439
5,0.5,0.3333333333333333,0.4,9.0,0.5097276264591439
6,0.058823529411764705,0.3333333333333333,0.1,3.0,0.5097276264591439
7,0.0,0.0,0.0,4.0,0.5097276264591439
macro avg,0.2731876841645749,0.2855355087784649,0.2630292333149476,257.0,0.5097276264591439
weighted avg,0.5175994610790903,0.5097276264591439,0.5113273740666737,257.0,0.5097276264591439
